Label,Down/Up Ratio
BENIGN,0.7010385939469034
Infiltration,0.6388888888888888
