Label,SYN Flag Count,FIN Flag Count
BENIGN,0.05489622860683033,0.0181019128010532
FTP-Patator,0.4972285210380448,0.0
SSH-Patator,0.0023740885195862303,0.0
Web Attack - Brute Force,0.0,0.0
