Label,min,q1,median,q3,max
BENIGN,-2000000.0,14.60117129,122.7646601,21390.37433,inf
Bot,0.29899021,7.22272740275,101.79648895,42331.560285,inf
DDoS,0.036869681,0.495356111,2.590678944,13.02635927,inf
DoS GoldenEye,0.016717574,0.200142161,0.980972959,1.233034863,3081.664099
DoS Hulk,0.017486315,0.137026863,0.162737231,2109.704641,3000000.0
DoS Slowhttptest,0.063636858,0.110857653,0.110913085,0.152813277,2000000.0
DoS slowloris,0.025889992,0.16547507325,0.179852007,0.999203302,1000000.0
